,Adventure_(Bookshelf)
PG558,True
PG92,True
PG5174,True
PG85,True
PG5606,True
PG8768,True
PG1257,True
PG2727,True
PG53341,True
PG35545,True
PG1259,True
PG611,True
PG5745,True
PG8754,True
PG78,True
PG2609,True
PG8755,True
PG589,True
PG106,True
PG60,True
PG421,True
PG5241,True
PG10551,True
PG2713,True
PG2785,True
PG2226,True
PG2759,True
PG2841,True
PG3526,True
PG8753,True
PG24920,True
PG2225,True
PG5805,True
PG1752,True
PG1711,True
PG30324,True
PG90,True
PG27525,True
PG10422,True
PG18970,True
PG95,True
PG848,True
PG910,True
PG5194,True
PG1401,True
PG1145,True
PG25803,True
PG2020,True
PG19678,True
PG11357,True
PG1947,True
PG5315,True
PG1965,True
PG5746,True
PG711,True
PG6066,True
PG8758,True
PG560,True
PG1184,True
PG6532,True
PG2681,True
PG1690,True
PG2166,True
PG2710,True
PG3155,True
PG15,True
PG24450,True
PG4400,True
PG103,True
PG215,True
PG5228,True
PG2728,True
PG5153,True
PG1724,True
PG8767,True
PG19307,True
PG6769,True
PG8761,True
PG10743,True
PG559,True
PG6751,True
PG11617,True
