,Fantasy_(Bookshelf)
PG3261,True
PG12747,True
PG1311,True
PG5660,True
PG957,True
PG16435,True
PG4356,True
PG3055,True
PG2060,True
PG958,True
PG1751,True
PG10662,True
PG5988,True
PG11639,True
PG420,True
PG19393,True
PG960,True
PG2414,True
PG234,True
PG10806,True
PG1251,True
PG955,True
PG18328,True
PG9663,True
PG19973,True
PG831,True
PG959,True
PG1077,True
PG8183,True
PG8715,True
PG3687,True
PG518,True
PG55,True
PG8771,True
PG288,True
PG10745,True
PG15551,True
PG19466,True
PG2892,True
PG4358,True
PG4282,True
PG5713,True
PG54,True
PG485,True
PG1076,True
PG19959,True
PG10002,True
PG8129,True
PG11097,True
PG19976,True
PG517,True
PG1605,True
PG6050,True
PG956,True
PG15948,True
PG11752,True
PG19450,True
PG2885,True
PG13664,True
PG12753,True
PG436,True
PG10041,True
PG2565,True
PG419,True
PG964,True
PG9608,True
PG17973,True
PG17426,True
PG8395,True
PG10882,True
PG19467,True
PG1267,True
PG2865,True
PG9488,True
PG1152,True
PG7838,True
PG832,True
PG10148,True
PG13486,True
PG16259,True
PG8778,True
PG11440,True
PG22566,True
PG6582,True
PG1252,True
PG7477,True
PG13820,True
PG486,True
PG17134,True
PG13821,True
PG11283,True
PG5160,True
PG169,True
PG9829,True
PG961,True
PG604,True
PG1557,True
