,Science_Fiction_(Bookshelf)
PG51713,True
PG29038,True
PG51407,True
PG28516,True
PG50826,True
PG51129,True
PG30019,True
PG51493,True
PG29542,True
PG30691,True
PG32820,True
PG51353,True
PG20659,True
PG22216,True
PG51461,True
PG20859,True
PG28617,True
PG51799,True
PG30816,True
PG32004,True
PG51342,True
PG41029,True
PG30832,True
PG23929,True
PG456,True
PG23159,True
PG51203,True
PG23301,True
PG32651,True
PG28583,True
PG27696,True
PG29466,True
PG23534,True
PG35,True
PG51855,True
PG19515,True
PG51740,True
PG62,True
PG49462,True
PG32579,True
PG30742,True
PG22545,True
PG28643,True
PG24101,True
PG51483,True
PG51752,True
PG26205,True
PG24276,True
PG50063,True
PG25628,True
PG32563,True
PG50561,True
PG28031,True
PG23764,True
PG31599,True
PG50892,True
PG51741,True
PG50766,True
PG51545,True
PG32664,True
PG23563,True
PG28608,True
PG28976,True
PG8673,True
PG51112,True
PG19158,True
PG8681,True
PG29791,True
PG49651,True
PG51833,True
PG18768,True
PG31583,True
PG51092,True
PG41084,True
PG51845,True
PG31962,True
PG29271,True
PG40969,True
PG24566,True
PG51028,True
PG52326,True
PG24282,True
PG51053,True
PG30170,True
PG20707,True
PG50566,True
PG24180,True
PG28893,True
PG49531,True
PG51768,True
PG22589,True
PG22332,True
PG19709,True
PG42901,True
PG29138,True
PG30283,True
PG51727,True
PG32551,True
PG52167,True
PG30308,True
PG24966,True
PG29503,True
PG32764,True
PG29471,True
PG23599,True
PG25295,True
PG28063,True
PG4994,True
PG18807,True
PG19338,True
PG29389,True
PG32207,True
PG20857,True
PG24444,True
PG46534,True
PG11583,True
PG32398,True
PG285,True
PG22426,True
PG24121,True
PG8986,True
PG29632,True
PG51687,True
PG29548,True
PG29940,True
PG30329,True
PG24973,True
PG49809,True
PG30267,True
PG38287,True
PG24865,True
PG41049,True
PG30885,True
PG51091,True
PG31469,True
PG23335,True
PG29947,True
PG23868,True
PG51310,True
PG32154,True
PG51533,True
PG22541,True
PG26109,True
PG31929,True
PG28953,True
PG26890,True
PG18814,True
PG41714,True
PG10662,True
PG32657,True
PG22882,True
PG37448,True
PG29299,True
PG22470,True
PG24864,True
PG42259,True
PG22966,True
PG26180,True
PG30491,True
PG32076,True
PG28346,True
PG32359,True
PG32587,True
PG29735,True
PG32676,True
PG28832,True
PG51421,True
PG20739,True
PG14301,True
PG51037,True
PG24274,True
PG32108,True
PG32181,True
PG23426,True
PG32427,True
PG51475,True
PG24558,True
PG30259,True
PG29437,True
PG30884,True
PG24913,True
PG24399,True
PG51101,True
PG26957,True
PG9194,True
PG32243,True
PG49897,True
PG32522,True
PG51305,True
PG18109,True
PG30381,True
PG139,True
PG22629,True
PG27143,True
PG5096,True
PG29975,True
PG25713,True
PG29209,True
PG19231,True
PG43046,True
PG51767,True
PG29283,True
PG24005,True
PG29458,True
PG30045,True
PG21627,True
PG22875,True
PG18346,True
PG21988,True
PG18520,True
PG12750,True
PG52009,True
PG51311,True
PG22767,True
PG19111,True
PG30251,True
PG28698,True
PG26966,True
PG22895,True
PG1153,True
PG29195,True
PG30010,True
PG24955,True
PG24118,True
PG51241,True
PG30242,True
PG23636,True
PG18172,True
PG51233,True
PG32683,True
PG19102,True
PG51824,True
PG32040,True
PG33842,True
PG20147,True
PG32041,True
PG51126,True
PG16921,True
PG1353,True
PG29578,True
PG40961,True
PG20726,True
PG24655,True
PG31516,True
PG20728,True
PG19726,True
PG27595,True
PG8976,True
PG29742,True
PG20920,True
PG8983,True
PG35103,True
PG18105,True
PG23571,True
PG51247,True
PG28892,True
PG49754,True
PG23185,True
PG5097,True
PG29948,True
PG30416,True
PG30454,True
PG26989,True
PG30427,True
PG31287,True
PG51656,True
PG35759,True
PG29069,True
PG30764,True
PG30339,True
PG51867,True
PG29963,True
PG23198,True
PG24517,True
PG23091,True
PG8968,True
PG23651,True
PG25051,True
PG23194,True
PG19066,True
PG28030,True
PG30767,True
PG31038,True
PG29749,True
PG51434,True
PG31716,True
PG30044,True
PG25776,True
PG30288,True
PG23931,True
PG10349,True
PG24091,True
PG51184,True
PG51651,True
PG30637,True
PG23591,True
PG29432,True
PG24192,True
PG24221,True
PG22866,True
PG30382,True
PG19478,True
PG32353,True
PG22549,True
PG29614,True
PG29196,True
PG22132,True
PG26140,True
PG22754,True
PG32584,True
PG51550,True
PG51801,True
PG13716,True
PG23889,True
PG50884,True
PG31922,True
PG41062,True
PG8757,True
PG12163,True
PG51296,True
PG28628,True
PG32780,True
PG50682,True
PG51150,True
PG26741,True
PG30386,True
PG29876,True
PG25438,True
PG29170,True
PG26782,True
PG22512,True
PG24721,True
PG29354,True
PG26967,True
PG29445,True
PG20553,True
PG21647,True
PG32735,True
PG29177,True
PG51257,True
PG624,True
PG29662,True
PG31701,True
PG51379,True
PG51009,True
PG50905,True
PG51530,True
PG18261,True
PG29204,True
PG51273,True
PG17029,True
PG23928,True
PG51805,True
PG22110,True
PG30405,True
PG50935,True
PG41622,True
PG40992,True
PG52574,True
PG30035,True
PG51546,True
PG50736,True
PG50863,True
PG42196,True
PG18139,True
PG25234,True
PG27968,True
PG51854,True
PG23197,True
PG32339,True
PG17138,True
PG22176,True
PG51268,True
PG23102,True
PG22462,True
PG31981,True
PG26795,True
PG51436,True
PG31948,True
PG51152,True
PG19651,True
PG51170,True
PG22701,True
PG29146,True
PG51726,True
PG20132,True
PG24290,True
PG22559,True
PG37653,True
PG22958,True
PG18151,True
PG32906,True
PG29321,True
PG51774,True
PG29401,True
PG42243,True
PG41481,True
PG51320,True
PG32067,True
PG20796,True
PG51336,True
PG50449,True
PG19370,True
PG51258,True
PG23104,True
PG29142,True
PG32705,True
PG29717,True
PG27797,True
PG30476,True
PG26956,True
PG29019,True
PG32654,True
PG8762,True
PG26867,True
PG32953,True
PG30715,True
PG32237,True
PG32498,True
PG26521,True
PG20988,True
PG29309,True
PG51758,True
PG51074,True
PG21568,True
PG29118,True
PG6714,True
PG32149,True
PG31686,True
PG29559,True
PG29053,True
PG8971,True
PG33016,True
PG50819,True
PG29046,True
PG51588,True
PG29607,True
PG19963,True
PG8614,True
PG19090,True
PG50959,True
PG19027,True
PG18342,True
PG31841,True
PG32134,True
PG8748,True
PG149,True
PG26843,True
PG27491,True
PG24392,True
PG30140,True
PG26751,True
PG23588,True
PG20802,True
PG26882,True
PG29133,True
PG40991,True
PG30199,True
PG30438,True
PG32133,True
PG51852,True
PG19174,True
PG29487,True
PG19471,True
PG51433,True
PG31703,True
PG26906,True
PG6620,True
PG18431,True
PG51781,True
PG50585,True
PG32562,True
PG8984,True
PG51413,True
PG28883,True
PG32801,True
PG22526,True
PG29793,True
PG8613,True
PG51249,True
PG26761,True
PG50842,True
PG19029,True
PG19145,True
PG27053,True
PG50988,True
PG20919,True
PG22893,True
PG29994,True
PG31286,True
PG27393,True
PG27089,True
PG30728,True
PG50980,True
PG22967,True
PG32344,True
PG26191,True
PG23408,True
PG19362,True
PG23028,True
PG23884,True
PG31893,True
PG51688,True
PG32734,True
PG51232,True
PG17027,True
PG24395,True
PG24436,True
PG18458,True
PG64,True
PG29303,True
PG50940,True
PG31547,True
PG51132,True
PG50796,True
PG21051,True
PG32029,True
PG20551,True
PG30177,True
PG27645,True
PG22227,True
PG28650,True
PG20649,True
PG20519,True
PG49901,True
PG29954,True
PG26955,True
PG29326,True
PG24779,True
PG51597,True
PG26743,True
PG1013,True
PG29910,True
PG41981,True
PG29976,True
PG32032,True
PG32697,True
PG50835,True
PG799,True
PG51596,True
PG20782,True
PG31364,True
PG29475,True
PG30086,True
PG83,True
PG9862,True
PG18632,True
PG28438,True
PG29680,True
PG24977,True
PG18800,True
PG32078,True
PG51518,True
PG126,True
PG29206,True
PG50924,True
PG50904,True
PG41027,True
PG51622,True
PG22881,True
PG50834,True
PG42182,True
PG21092,True
PG30334,True
PG29908,True
PG22239,True
PG24750,True
PG23831,True
PG29194,True
PG18949,True
PG19141,True
PG30255,True
PG23592,True
PG51395,True
PG29140,True
PG51047,True
PG30002,True
PG18831,True
PG32825,True
PG17028,True
PG31626,True
PG32104,True
PG31324,True
PG32486,True
PG29620,True
PG51414,True
PG30493,True
PG51344,True
PG28646,True
PG28451,True
PG28550,True
PG25629,True
PG19526,True
PG25862,True
PG50753,True
PG43041,True
PG31168,True
PG29457,True
PG51396,True
PG42987,True
PG28535,True
PG5703,True
PG21541,True
PG17026,True
PG32212,True
PG51363,True
PG10966,True
PG23882,True
PG29353,True
PG28543,True
PG21670,True
PG22524,True
PG29698,True
PG23379,True
PG18460,True
PG51193,True
PG8993,True
PG24275,True
PG33969,True
PG68,True
PG30833,True
PG28705,True
PG51866,True
PG28922,True
PG8972,True
PG27110,True
PG29190,True
PG17870,True
PG14665,True
PG29599,True
PG23103,True
PG8764,True
PG29509,True
PG8765,True
PG27631,True
PG23149,True
PG24187,True
PG28119,True
PG51482,True
PG30475,True
PG31979,True
PG23509,True
PG8749,True
PG26174,True
PG10002,True
PG51081,True
PG50848,True
PG24958,True
PG38674,True
PG24495,True
PG24543,True
PG30029,True
PG51050,True
PG23791,True
PG23942,True
PG24122,True
PG30971,True
PG5699,True
PG30014,True
PG26968,True
PG51610,True
PG29789,True
PG42236,True
PG50877,True
PG51445,True
PG28518,True
PG32230,True
PG51669,True
PG22218,True
PG1329,True
PG28215,True
PG28645,True
PG24382,True
PG32079,True
PG51549,True
PG8763,True
PG23308,True
PG28045,True
PG24870,True
PG23657,True
PG18861,True
PG50872,True
PG24792,True
PG765,True
PG545,True
PG50948,True
PG23561,True
PG49767,True
PG30901,True
PG26855,True
PG3479,True
PG29181,True
PG31897,True
PG22467,True
PG41637,True
PG1743,True
PG46535,True
PG29794,True
PG32208,True
PG30304,True
PG32833,True
PG50022,True
PG28644,True
PG25086,True
PG24135,True
PG22513,True
PG11393,True
PG33850,True
PG51125,True
PG23210,True
PG29848,True
PG51605,True
PG49826,True
PG23232,True
PG29931,True
PG51773,True
PG24975,True
PG21782,True
PG22590,True
PG551,True
PG29135,True
PG50889,True
PG50998,True
PG51681,True
PG50103,True
PG42664,True
PG21510,True
PG51616,True
PG27665,True
PG22338,True
PG50844,True
PG20869,True
PG23337,True
PG50702,True
PG22301,True
PG22226,True
PG20788,True
PG30828,True
PG32737,True
PG18361,True
PG6468,True
PG24749,True
PG11205,True
PG30380,True
PG51834,True
PG22623,True
PG36867,True
PG29625,True
PG32209,True
PG20000,True
PG32026,True
PG23153,True
PG29168,True
PG25035,True
PG23148,True
PG32317,True
PG27365,True
PG51380,True
PG29298,True
PG51751,True
PG20727,True
PG29410,True
PG32613,True
PG50406,True
PG22997,True
PG49165,True
PG51194,True
PG51297,True
PG30796,True
PG49779,True
PG24149,True
PG18786,True
PG12901,True
PG24370,True
PG25166,True
PG41624,True
PG23767,True
PG40968,True
PG51435,True
PG29504,True
PG23930,True
PG18492,True
PG30437,True
PG22544,True
PG32530,True
PG50989,True
PG56889,True
PG31956,True
PG32272,True
PG51408,True
PG96,True
PG50800,True
PG30034,True
PG32162,True
PG33934,True
PG51331,True
PG29384,True
PG23799,True
PG8199,True
PG30305,True
PG50719,True
PG21638,True
PG29535,True
PG8612,True
PG29242,True
PG46339,True
PG43235,True
PG19476,True
PG43048,True
PG51570,True
PG42914,True
PG42183,True
PG16457,True
PG51167,True
PG50876,True
PG48880,True
PG35425,True
PG5965,True
PG26772,True
PG51035,True
PG31778,True
PG1250,True
PG19000,True
PG19076,True
PG24189,True
PG29027,True
PG30307,True
PG51231,True
PG24104,True
PG25550,True
PG51136,True
PG21897,True
PG49693,True
PG29643,True
PG17355,True
PG32303,True
PG26010,True
PG8766,True
PG24151,True
PG30399,True
PG29768,True
PG40964,True
PG22867,True
PG22597,True
PG28933,True
PG24375,True
PG29255,True
PG32592,True
PG8978,True
PG23339,True
PG23960,True
PG51809,True
PG42111,True
PG31736,True
PG49525,True
PG51574,True
PG51321,True
PG31651,True
PG27383,True
PG31644,True
PG50783,True
PG30532,True
PG36,True
PG32436,True
PG30240,True
PG32088,True
PG49762,True
PG29193,True
PG29990,True
PG29408,True
PG18846,True
PG32665,True
PG32541,True
PG26941,True
PG41562,True
PG31619,True
PG24152,True
PG27921,True
PG8756,True
PG51509,True
PG25644,True
PG22763,True
PG19513,True
PG28767,True
PG27462,True
PG43038,True
PG21094,True
PG22869,True
PG29882,True
PG50890,True
PG51185,True
PG26190,True
PG11696,True
PG30452,True
PG29446,True
PG25061,True
PG29962,True
PG51210,True
PG51240,True
PG4717,True
PG23920,True
PG50622,True
PG32131,True
PG27756,True
PG8759,True
PG33790,True
PG51663,True
PG50885,True
PG13083,True
PG29139,True
PG51075,True
PG26292,True
PG1059,True
PG28486,True
PG28894,True
PG51823,True
PG27019,True
PG26332,True
PG6717,True
PG29965,True
PG23762,True
PG26569,True
PG72,True
PG24035,True
PG24277,True
PG51609,True
PG23160,True
PG30004,True
PG17394,True
PG24302,True
PG30398,True
PG19067,True
PG27492,True
PG51810,True
PG32903,True
PG2488,True
PG8735,True
PG28954,True
PG50332,True
PG20898,True
PG17030,True
PG25028,True
PG8751,True
PG31501,True
PG50923,True
PG51449,True
PG7303,True
PG51397,True
PG50936,True
PG22466,True
PG51832,True
PG31215,True
PG32124,True
PG29936,True
PG18668,True
PG29822,True
PG21279,True
PG21582,True
PG24418,True
PG30166,True
PG123,True
PG6903,True
PG26093,True
PG32684,True
PG51335,True
PG51330,True
PG46616,True
PG29240,True
PG50868,True
PG29328,True
PG23678,True
PG51615,True
PG51304,True
PG30383,True
PG51668,True
PG51351,True
PG27464,True
PG9055,True
PG30063,True
PG50869,True
PG32759,True
PG29202,True
PG32706,True
PG32748,True
PG40954,True
PG31840,True
PG30303,True
PG23688,True
PG24166,True
PG50847,True
PG33854,True
PG31587,True
PG41565,True
PG26917,True
PG32077,True
PG201,True
PG7052,True
PG30322,True
PG51478,True
PG22346,True
PG28156,True
PG51735,True
PG29488,True
PG24791,True
PG23568,True
PG41651,True
PG50945,True
PG50893,True
PG51534,True
PG18855,True
PG13423,True
PG24150,True
PG51499,True
PG23872,True
PG25627,True
PG26936,True
PG29421,True
PG23669,True
PG29159,True
PG51072,True
PG42254,True
PG29579,True
PG51531,True
PG29989,True
PG32688,True
PG50999,True
PG553,True
PG31665,True
PG49511,True
PG51153,True
PG552,True
PG51571,True
PG23146,True
PG23162,True
PG51782,True
PG28118,True
PG41627,True
PG41064,True
PG159,True
PG23164,True
PG29525,True
PG51148,True
PG28515,True
PG51008,True
PG30353,True
PG32832,True
PG27609,True
PG22154,True
PG18857,True
PG23443,True
PG42209,True
PG29317,True
PG51420,True
PG25078,True
PG51286,True
PG46222,True
PG32890,True
PG32346,True
PG605,True
PG20856,True
PG51814,True
PG51027,True
PG30497,True
PG7473,True
PG27730,True
PG51589,True
PG51842,True
PG30770,True
PG51102,True
PG30468,True
PG22890,True
PG30062,True
PG26066,True
PG40970,True
PG31355,True
PG29060,True
PG1268,True
PG28924,True
PG50969,True
PG34420,True
PG33839,True
PG51460,True
PG22538,True
PG29966,True
PG9056,True
PG50290,True
PG32696,True
PG51498,True
PG31207,True
PG52228,True
PG29897,True
PG51171,True
PG8750,True
PG24246,True
PG31262,True
PG22171,True
PG369,True
PG26883,True
PG32054,True
PG29356,True
PG50133,True
PG31664,True
PG30124,True
PG25780,True
PG24119,True
PG50713,True
PG25684,True
PG25067,True
PG30311,True
PG28047,True
PG23612,True
PG24380,True
PG51362,True
PG18584,True
PG24247,True
PG30361,True
PG29198,True
PG29290,True
PG30234,True
PG23099,True
PG29272,True
PG6538,True
PG50441,True
PG22560,True
PG51121,True
PG28450,True
PG27248,True
PG24928,True
PG51115,True
PG28647,True
PG40953,True
PG18817,True
PG24707,True
PG50921,True
PG23790,True
PG29160,True
PG51736,True
PG24927,True
PG51234,True
PG50138,True
PG32127,True
PG32321,True
PG51288,True
PG29623,True
PG32574,True
PG51576,True
PG22897,True
PG27392,True
PG50571,True
PG29720,True
PG19660,True
PG18753,True
PG30458,True
PG4791,True
PG32360,True
PG51137,True
PG31767,True
PG24521,True
PG22596,True
PG24949,True
PG32447,True
PG24198,True
PG50827,True
PG40993,True
PG24064,True
PG48866,True
PG51662,True
PG24397,True
PG8086,True
PG41905,True
PG27444,True
PG51361,True
PG16721,True
PG11870,True
PG30679,True
PG51201,True
PG29492,True
PG22540,True
PG20212,True
PG26536,True
PG6630,True
PG51712,True
PG23429,True
PG29790,True
PG28554,True
PG29132,True
PG51623,True
PG51759,True
PG30252,True
PG51657,True
PG51508,True
PG51494,True
PG25567,True
PG21873,True
PG33644,True
PG33871,True
PG24196,True
PG22580,True
PG30214,True
PG24529,True
PG51255,True
PG51844,True
PG30189,True
PG30379,True
PG24278,True
PG29619,True
PG22579,True
PG30434,True
PG19731,True
PG24161,True
PG51295,True
PG29889,True
PG24567,True
PG30371,True
PG26168,True
PG22073,True
PG30338,True
PG30015,True
PG23161,True
PG30348,True
PG22892,True
PG19964,True
PG23845,True
PG29390,True
PG30330,True
PG30869,True
PG51398,True
PG49838,True
PG29727,True
PG24054,True
PG31062,True
PG25024,True
PG29750,True
PG29416,True
PG17958,True
PG13841,True
PG32828,True
PG19474,True
PG1607,True
PG32351,True
PG97,True
PG2509,True
PG31648,True
PG23731,True
PG26856,True
PG51699,True
PG32347,True
PG51267,True
PG4920,True
PG24965,True
PG3748,True
PG28062,True
PG29455,True
PG28453,True
PG23535,True
PG28437,True
PG50928,True
PG24723,True
PG32905,True
PG51650,True
PG29355,True
PG51337,True
PG29771,True
PG19445,True
PG51519,True
PG29293,True
PG51822,True
PG22585,True
PG22102,True
PG775,True
PG30337,True
PG46615,True
PG26206,True
PG51122,True
PG27013,True
PG27588,True
PG29149,True
PG29418,True
PG29809,True
PG29059,True
PG29205,True
PG20121,True
PG14287,True
PG22527,True
PG164,True
PG51168,True
PG32150,True
PG22876,True
PG51046,True
PG30408,True
PG18719,True
PG50971,True
PG32847,True
PG42227,True
PG18602,True
PG51350,True
PG18641,True
PG32827,True
PG50981,True
PG51274,True
PG29310,True
PG33642,True
PG51804,True
PG30583,True
PG50802,True
PG29702,True
PG51202,True
PG22342,True
PG30474,True
PG28111,True
PG18257,True
PG50668,True
PG51082,True
PG50818,True
PG18137,True
PG23147,True
PG51682,True
PG604,True
PG41586,True
PG39572,True
PG29601,True
PG29448,True
PG51256,True
PG32395,True
PG51603,True
PG29322,True
PG5095,True
PG51868,True
PG29618,True
PG28048,True
PG29919,True
PG50774,True
PG18224,True
PG29987,True
PG29308,True
PG20838,True
PG23439,True
PG20154,True
PG29832,True
PG42188,True
PG32637,True
